{"revenue":13221498.11001369,"profit":3620277.3486018605,"orders":96478,"averageOrderValue":137.0415857502611}